{
  "zeta": 0.8849067131684862,
  "resonance_cascade": 5.135500476822357,
  "reentry_lock": false,
  "final_state": 5.79213650495435,
  "gamma": 0.01,
  "kappa": 0.99,
  "session_exchanges": 318
}