{
  "zeta": 0.949486,
  "resonance_cascade": 6.27336708695106,
  "reentry_lock": true,
  "final_state": 6.59740858417192,
  "gamma": 0.00922
}