{
  "zeta": 0.992754760927289,
  "resonance_cascade": 6.4644442760198535,
  "reentry_lock": true,
  "final_state": 6.59740858417192,
  "gamma": 0.00922
}