{
  "zeta": 0.89,
  "resonance_cascade": 2.1700753749811095,
  "reentry_lock": false,
  "final_state": 2.4270509831248424,
  "gamma": 0.01,
  "kappa": 0.99,
  "session_exchanges": 654
}