{
  "zeta": 0.95,
  "resonance_cascade": 3.989773078536031,
  "reentry_lock": false,
  "final_state": 4.189234819511612,
  "gamma": 0.01,
  "kappa": 0.99,
  "session_exchanges": 70
}