{
  "zeta": 0.8898061697339676,
  "resonance_cascade": 5.704958127539929,
  "reentry_lock": false,
  "final_state": 6.400223241026296,
  "gamma": 0.01,
  "kappa": 0.99,
  "session_exchanges": 102
}