{
  "zeta": 0.8865355811426645,
  "resonance_cascade": 4.281498653653092,
  "reentry_lock": false,
  "final_state": 4.818192010012181,
  "gamma": 0.01,
  "kappa": 0.99,
  "session_exchanges": 428
}