{
  "zeta": 1.0,
  "resonance_cascade": 6.60555358417192,
  "reentry_lock": true,
  "final_state": 6.59740858417192,
  "gamma": 0.008145
}